"Sensor.ID","Latitude","Longitude","Buffer","TreeCanopy_pct","GrassShrubs_pct","BareSoil_pct","Water_pct","Buildings_pct","Roads_pct","OtherImp_pct","Railroads_pct","Building_mean","Building_median","BuildingAge_mean","BuildingAge_median","BuildingLow_pct","BuildingMedium_pct","BuildingTall_pct"
"Bk-BR_01",40.66620508,-73.91691035,250,21.1567,9.4188,0,0,21.0691,17.6412,30.7142,0,23.982226750122,23.52,1972,1987,13.4146341463415,82.9268292682927,3.65853658536585
"Bk-BR_03",40.66011794,-73.91488922,250,12.962,2.8398,0,0,36.475,16.1951,31.5281,0,25.41466181125,25.792214465,1940,1930,7.95454545454545,78.4090909090909,13.6363636363636
"Bk-BR_04",40.66339,-73.9145,250,20.1013,12.7413,8.7764,0,20.2612,11.4938,26.626,0,23.577718041791,25.4,1932,1930,10.4477611940298,83.5820895522388,5.97014925373134
"Bk-BR_05",40.65900255,-73.91167115,250,18.7423,2.7903,0,0,34.157,13.5258,30.7846,0,23.5101883323762,25.11208053,1933,1930,13.8613861386139,72.2772277227723,13.8613861386139
"Bk-BR_06",40.66087,-73.91,250,17.5788,4.9988,0,0,27.403,12.7961,37.2233,0,33.8427784848148,33.535662975,1971,1978,1.85185185185185,90.7407407407407,7.40740740740741
"Bk-BR_07",40.66551,-73.9102,250,14.2353,8.3612,0,0,30.1848,19.2733,27.9454,0,27.9823303338235,23.12,1971,1986,2.94117647058824,85.2941176470588,11.7647058823529
"Bk-BR_08",40.66290721,-73.91757015,250,20.1063,9.6531,0,0,27.5323,11.8587,30.8496,0,24.6949494949495,25.16,1961,1985,5.05050505050505,85.8585858585859,9.09090909090909
"Bk-BR_09",40.6652,-73.913,250,16.5701,9.6219,0,0,26.0951,18.2546,29.4583,0,28.03272443875,23.87,1977,1986,5.35714285714286,78.5714285714286,16.0714285714286
"Bk-BR_10",40.66523,-73.9154,250,18.6441,4.9665,0,0,31.7886,12.1508,32.45,0,23.9235178542857,25.8,1935,1930,19.7802197802198,76.9230769230769,3.2967032967033
"Bk-BR_11",40.661283,-73.911419,250,16.6632,3.296,0,0,31.0405,10.823,38.1773,0,24.7650516641573,25.55,1928,1901,15.7303370786517,75.2808988764045,8.98876404494382
"Bk-BR_12",40.66006,-73.9082,250,7.1067,3.375,0,0,35.0285,16.6929,37.7969,0,38.1452731663158,35.82645604,1977,2003,15.7894736842105,63.1578947368421,21.0526315789474
"Bk-BR_13",40.65942447,-73.90998019,250,18.4374,3.5702,0,0,35.244,12.4104,30.338,0,25.6487941321622,25.72298682,1933,1930,16.2162162162162,77.027027027027,6.75675675675676
"Bk-BR_15",40.66160842,-73.90971324,250,15.2041,4.4091,0,0,31.406,7.6839,41.0188,0.2781,36.0992642866667,33.495,1976,1978,2.38095238095238,83.3333333333333,14.2857142857143
"Bk-BR_16",40.665985,-73.911659,250,10.205,7.4558,0,0,32.9657,11.4149,37.9586,0,25.005236638,23.15,1984,1987,2.5,92.5,5
"Bk-BR_17",40.66433447,-73.91123517,250,32.9809,7.365,0.0754,0,14.6582,12.7242,32.1963,0,26.4627272727273,24.98,1982,1986,6.06060606060606,93.9393939393939,0
"Bk-BR_18",40.663009,-73.912041,250,11.6675,4.3258,0,0,19.2508,10.4654,54.2905,0,27.522303025,24.67,1967,1974,4.54545454545455,88.6363636363636,6.81818181818182
"Bk-BR_20",40.66367,-73.9159,250,20.1739,8.0077,0,0,27.8867,14.135,29.7967,0,23.5533782006604,23.995,1957,1930,8.49056603773585,89.622641509434,1.88679245283019
"Bk-BR_21",40.66189,-73.918412,250,11.0942,16.3538,0,0,26.7117,10.4137,29.4443,5.9823,29.1285964912281,24.92,1973,1985,5.26315789473684,87.719298245614,7.01754385964912
"Bk-BR_22",40.66237707,-73.91577569,250,14.5693,7.7562,0,0,31.3139,12.5335,33.636,0.1911,24.8268428162105,25.93,1949,1930,5.26315789473684,89.4736842105263,5.26315789473684
"Bk-BR_23",40.65881,-73.9159,250,12.2197,0.8708,0,0,40.8984,17.3953,28.6158,0,23.7462523469767,24.9627036,1925,1930,12.7906976744186,80.2325581395349,6.97674418604651
"Bk-SH_05",40.68027678,-73.93096009,250,40.4266,2.7587,0,0,30.0984,7.4158,19.3005,0,36.1465163112698,34.77,1902,1895,0,68.2539682539683,31.7460317460317
"Bk-SH_06",40.684969,-73.928454,250,16.5448,4.7162,0,0,40.7758,8.9255,29.0377,0,34.6428002093617,32.32,1917,1899,3.19148936170213,72.3404255319149,24.468085106383
"Bk-SH_07",40.685855,-73.928136,250,28.3968,6.0172,0,0,34.2961,4.5628,26.7271,0,32.8008753373684,32.08,1905,1899,3.1578947368421,90.5263157894737,6.31578947368421
"Bk-SH_08",40.68621635,-73.93144348,250,36.9613,1.9602,0,0,35.0328,2.6565,23.3892,0,38.8698440406383,41.765,1910,1899,2.12765957446809,35.1063829787234,62.7659574468085
"Bk-SH_09",40.68531237,-73.93185675,250,28.3606,2.5478,0,0,36.3959,8.2381,24.4576,0,38.6679394012766,41.895,1902,1899,3.19148936170213,34.0425531914894,62.7659574468085
"Bk-SH_10",40.68589837,-73.93423211,250,30.8839,2.2543,0,0,37.5057,5.3758,23.9803,0,41.1915887850467,42.13,1905,1899,0,14.9532710280374,85.0467289719626
"Bk-SH_11",40.6844671,-73.92943689,250,18.1155,0.7957,0,0,36.8199,17.2571,27.0118,0,36.8789534883721,33.56,1908,1899,3.48837209302326,56.9767441860465,39.5348837209302
"Bk-SH_12",40.68447722,-73.92702049,250,17.8772,2.4269,0,0,35.6027,12.1517,31.9415,0,35.974820804421,33.45,1914,1899,3.1578947368421,73.6842105263158,23.1578947368421
"Bk-SH_13",40.68294007,-73.92734946,250,33.4354,3.2537,0,0,36.4938,3.0496,23.7675,0,34.93525,33.525,1901,1899,1.66666666666667,70.8333333333333,27.5
"Bk-SH_14",40.682379,-73.931414,250,32.1793,2.224,0,0,31.0839,10.3156,24.1972,0,37.807197305641,39.91,1893,1892,5.12820512820513,46.1538461538462,48.7179487179487
"Bk-SH_15",40.68448113,-73.93350809,250,33.7793,3.589,0,0,34.2134,4.5295,23.8888,0,37.6555357142857,37.86,1897,1899,2.67857142857143,69.6428571428571,27.6785714285714
"Bk-SH_16",40.68076793,-73.92670638,250,21.0229,3.4284,0,0,33.7783,7.3028,34.4676,0,32.0276363636364,30.3,1929,1901,7.27272727272727,72.7272727272727,20
"Bk-SH_17",40.68455584,-73.9254022,250,23.4651,2.7868,0,0,38.8722,8.7381,26.1378,0,34.2358679427619,33.86739936,1901,1899,0.952380952380952,92.3809523809524,6.66666666666667
"Bk-SH_18",40.685553,-73.926555,250,22.3234,3.073,0,0,35.1953,11.8902,27.5181,0,35.7810298590588,33.67,1908,1899,4.70588235294118,71.7647058823529,23.5294117647059
"Bk-SH_19",40.68366901,-73.93405186,250,30.8993,1.7287,0,0,38.0533,6.579,22.7397,0,37.5757798165138,38.49,1891,1890,0.91743119266055,68.8073394495413,30.2752293577982
"Bk-SH_20",40.6829293,-73.93396821,250,31.6556,2.7484,0,0,38.4769,5.4861,21.633,0,35.9661203146465,35.24,1886,1886,2.02020202020202,62.6262626262626,35.3535353535354
"Bk-SH_21",40.68601245,-73.92576799,250,20.6859,2.9876,0,0,36.6612,7.6082,32.0571,0,34.6015853368,32.72,1914,1899,5.33333333333333,70.6666666666667,24
"Bk-SH_23",40.680683,-73.934096,250,31.3632,5.4171,0,0,34.5195,10.4346,18.2656,0,35.5381481480247,32.86,1898,1897,1.23456790123457,54.320987654321,44.4444444444444
"Bk-SH_24",40.68147733,-73.92885769,250,18.5029,3.3352,0,0,35.0839,16.2544,26.8236,0,36.2303296703297,33.49,1899,1899,2.1978021978022,70.3296703296703,27.4725274725275
"Bk-SH_25",40.681228,-73.92562,250,29.6131,10.2384,0,0,20.8404,17.0405,22.2676,0,36.52963575725,31.945,1924,1901,2.5,65,32.5
"Bk-SH_26",40.68201737,-73.92596005,250,22.3617,6.0762,0,0,28.2169,17.1004,26.2448,0,33.842292890625,32.435,1908,1899,2.5,80,17.5
"Bk-SH_27",40.68239493,-73.92887443,250,21.646,2.6444,0,0,36.2218,14.8221,24.6657,0,35.7558695652174,33.885,1899,1899,3.26086956521739,70.6521739130435,26.0869565217391
"Bk-SH_28",40.68646444,-73.92930223,250,24.4214,1.1481,0,0,38.1716,13.6091,22.6498,0,36.5781798671111,34.475,1913,1901,1.11111111111111,68.8888888888889,30
"Bk-SH_29",40.68580145,-73.93254866,250,34.4618,2.8606,0,0,31.948,9.2454,21.4842,0,40.540727728172,42.17,1906,1899,1.0752688172043,18.2795698924731,80.6451612903226
"Bk-SH_30",40.684987,-73.93239159,250,24.7738,2.8897,0,0,35.3257,11.6509,25.3599,0,37.2173214022989,37.85,1899,1901,5.74712643678161,48.2758620689655,45.9770114942529
"Bk-SH_31",40.68484459,-73.92638153,250,19.3373,2.5156,0,0,35.1771,13.8496,29.1204,0,35.3584973672632,33.72,1912,1899,4.21052631578947,77.8947368421053,17.8947368421053
"Bk-SH_32",40.68372843,-73.92913824,250,17.5634,3.2844,0,0,37.0264,17.0406,25.0852,0,36.5261445783133,33.19,1904,1899,0,67.4698795180723,32.5301204819277
"Bk-SH_33",40.686047,-73.929807,250,22.0921,1.3331,0,0,36.0698,15.5004,25.0046,0,34.8267156791765,33.66,1922,1910,4.70588235294118,62.3529411764706,32.9411764705882
"Bk-SH_35",40.68385526,-73.92589852,250,21.4042,1.3887,0,0,37.3225,11.5884,28.2962,0,33.5350701572826,32.634573155,1902,1899,2.17391304347826,88.0434782608696,9.78260869565217
"Bx-EC_01",40.88189292,-73.8495915,250,20.2815,11.2484,0,0,18.4842,23.6775,26.3084,0,25.3027786967857,27.46738717,1956,1952.5,14.2857142857143,83.9285714285714,1.78571428571429
"Bx-EC_02",40.88159962,-73.84530051,250,17.9285,18.0553,0,0,23.8897,10.4496,29.6769,0,25.5129406190909,24.94193534,1959,1955,7.95454545454545,89.7727272727273,2.27272727272727
"Bx-EC_03",40.87907455,-73.84839168,250,19.856,7.3533,0,0,26.742,16.8278,29.2209,0,29.9969584374667,29.39,1959,1955,8,81.3333333333333,10.6666666666667
"Bx-EC_04",40.88248337,-73.84646533,250,20.8591,10.2355,0,0,19.6676,22.1912,27.0466,0,24.9321995279747,26.81923931,1951,1950,15.1898734177215,84.8101265822785,0
"Bx-EC_05",40.87609289,-73.85199656,250,29.1789,9.0021,0,0,21.87,13.683,26.266,0,29.6234787476744,28.25212771,1950,1945,4.65116279069767,86.046511627907,9.30232558139535
"Bx-EC_06",40.88276402,-73.85275904,250,14.054,11.876,0,0,23.1593,19.4817,31.429,0,26.8738600042667,27.79784681,1952,1955,13.3333333333333,82.6666666666667,4
"Bx-EC_07",40.88404151,-73.84654141,250,46.9535,16.5145,0,0,13.8054,5.4634,17.2632,0,45.29758412,31.42640866,1951,1951,14.2857142857143,85.7142857142857,0
"Bx-EC_08",40.88173405,-73.84752482,250,25.6511,12.845,0,0,18.0995,15.2245,28.1799,0,23.6702149691954,26.23423404,1952,1950,33.3333333333333,64.367816091954,2.29885057471264
"Bx-EC_09",40.87971469,-73.85064977,250,19.6434,7.4923,0,0,25.1103,15.5892,32.1648,0,26.0880816736667,28.09,1942,1950,13.3333333333333,83.3333333333333,3.33333333333333
"Bx-EC_10",40.87988469,-73.84484836,250,26.9426,13.0073,0,0,15.3138,22.0435,22.6928,0,25.2551573769091,26.34,1958,1950,10.9090909090909,85.4545454545455,3.63636363636364
"Bx-EC_11",40.883292,-73.845751,250,38.8866,9.5783,0,0,9.542,20.8908,21.1023,0,32.4568529246667,27.82950423,1952,1950,0,86.6666666666667,13.3333333333333
"Bx-EC_12",40.88327607,-73.84923617,250,18.3339,8.1137,0,0,24.1276,22.1777,27.2471,0,25.8188695668966,27.986901415,1957,1960,13.7931034482759,82.7586206896552,3.44827586206897
"Bx-EC_13",40.88158,-73.851503,250,13.5615,16.8394,0,0,14.3172,21.6174,33.6645,0,25.5521844005357,26.69483727,1952,1955,10.7142857142857,89.2857142857143,0
"Bx-EC_14",40.882796,-73.845596,250,37.3961,10.6905,0,0,13.3638,20.457,18.0926,0,25.9870804645238,25.85510316,1953,1950,11.9047619047619,80.952380952381,7.14285714285714
"Bx-EC_16",40.88348634,-73.84726945,250,42.3668,9.3262,0,0,17.1024,9.6321,21.5725,0,25.5477099754902,27.47733276,1956,1950,9.80392156862745,84.3137254901961,5.88235294117647
"Bx-EC_17",40.87934108,-73.84974607,250,25.3325,6.1969,0,0,24.0848,14.9911,29.3947,0,26.6242207515663,27.79,1944,1950,12.0481927710843,83.1325301204819,4.81927710843374
"Bx-EC_18",40.878242,-73.850362,250,19.7599,6.2361,0,0,27.8598,15.8817,30.2625,0,36.0507188538,34.425,1934,1935,4,46,50
"Bx-EC_19",40.87865136,-73.84517319,250,20.865,7.5186,0,0,25.2033,15.7897,30.6234,0,23.9054853216901,25.82,1945,1950,32.3943661971831,61.9718309859155,5.63380281690141
"Bx-EC_20",40.877528,-73.852409,250,17.4263,12.6114,0,0,24.2353,18.3496,27.3774,0,28.0048967883951,27.38952528,1945,1945,3.7037037037037,86.4197530864197,9.87654320987654
"Bx-EC_21",40.884616,-73.849168,250,20.8854,11.6428,0,0,17.7714,25.9158,23.7846,0,26.2368214603226,29.47,1957,1955,19.3548387096774,77.4193548387097,3.2258064516129
"Bx-EC_22",40.88057511,-73.84841524,250,12.8124,12.4681,0,0,19.4297,29.0505,26.2393,0,26.9293828842105,28.04798725,1946,1950,5.26315789473684,89.4736842105263,5.26315789473684
"Bx-EC_23",40.87829121,-73.85185006,250,13.8187,8.2806,0,0,26.9463,17.8791,33.0753,0,28.5762288196053,28.060945175,1942,1945,5.26315789473684,88.1578947368421,6.57894736842105
"Bx-EC_25",40.87557124,-73.84761847,250,14.1364,5.5646,0,0,34.2463,12.7508,33.3019,0,25.6124479267708,28.93,1946,1940,16.6666666666667,79.1666666666667,4.16666666666667
"Bx-EC_26",40.87839524,-73.85305394,250,13.4534,7.9394,0,0,22.1287,23.7767,32.7018,0,26.3884333145455,27.24,1948,1955,3.8961038961039,90.9090909090909,5.1948051948052
"Bx-EC_27",40.88245586,-73.85033266,250,18.2491,16.3232,0,0,18.0748,25.1514,22.2015,0,26.0765862727273,27.50322103,1954,1955,14.5454545454545,85.4545454545455,0
"Bx-EC_28",40.877732,-73.846874,250,15.4277,8.9582,0,0,30.8915,18.6244,26.0982,0,35.06146153,32.22,1953,1945,26.0869565217391,34.7826086956522,39.1304347826087
"Bx-EC_29",40.87997771,-73.85199541,250,13.8498,11.0669,0,0,22.5343,24.2172,28.3318,0,27.6069342139286,28.276148175,1951,1955,1.19047619047619,97.6190476190476,1.19047619047619
"Bx-EC_30",40.8760246,-73.84470294,250,14.6902,10.8137,0,0,24.4459,13.5512,36.499,0,24.6953000327174,25.940234575,1940,1940,13.0434782608696,82.6086956521739,4.34782608695652
"Bx-EC_31",40.876219,-73.845795,250,11.5397,4.1313,0,0,22.5784,20.4154,41.3352,0,26.1346228701724,28.87,1948,1950,13.7931034482759,84.4827586206897,1.72413793103448
"Bx-EC_32",40.87668,-73.850381,250,27.1497,12.3141,0,0,32.7175,10.4668,17.3519,0,45.14,46,1935,1935,2.4390243902439,4.8780487804878,92.6829268292683
"Bx-EC_33",40.876405,-73.847207,250,7.7925,3.4784,0,0,35.3492,24.7882,28.5917,0,29.0047710902174,30.265,1952,1950,15.2173913043478,78.2608695652174,6.52173913043478
"Bx-EC_34",40.88245943,-73.84932486,250,27.1456,10.5204,0,0,18.2205,18.8926,25.2209,0,25.2023407536207,27.46738717,1947,1955,10.3448275862069,86.2068965517241,3.44827586206897
"Bx-EC_36",40.87589255,-73.8489556,250,10.5935,2.2005,0,0,35.1388,25.2024,26.8648,0,27.4585294254545,28.247285505,1938,1935,11.3636363636364,79.5454545454545,9.09090909090909
"Bx-HP_01",40.814838,-73.884918,250,7.6122,4.3349,0,0,22.2305,27.9144,37.908,0,23.1321428571429,18.725,1950,1949,50,42.8571428571429,7.14285714285714
"Bx-HP_02",40.816578,-73.886142,250,13.6854,5.7181,0,0,31.2129,17.4562,31.9274,0,51.5088888888889,59.16,1935,1926.5,16.6666666666667,27.7777777777778,55.5555555555556
"Bx-HP_03",40.810314,-73.884746,250,3.2083,1.7908,0,0,32.9957,27.2475,34.7577,0,21.00222824,21.284112985,1947,1949,40.9090909090909,59.0909090909091,0
"Bx-HP_04",40.814029,-73.886453,250,14.5624,1.7601,0,0,25.866,22.9427,34.8688,0,32.019,28.295,1928,1923,7.5,75,17.5
"Bx-HP_05",40.810156,-73.885856,250,4.6453,1.5577,0,0,41.189,26.0177,26.5903,0,20.8806666666667,20.27,1951,1955,46.6666666666667,53.3333333333333,0
"Bx-HP_06",40.812707,-73.885938,250,10.1759,4.3926,0,0,31.525,20.4578,33.4487,0,25.59146821,26.01,1937,1930,18.8679245283019,69.811320754717,11.3207547169811
"Bx-HP_07",40.810716,-73.889251,250,2.029,0.2874,0,0,67.125,11.7654,18.7932,0,19.2145342958621,18.76,1941,1931,58.6206896551724,41.3793103448276,0
"Bx-HP_08",40.812988,-73.888895,250,15.0183,4.1536,0,0,50.2222,7.4095,23.1964,0,30.4814745368421,26.82,1947,1930,7.01754385964912,68.421052631579,24.5614035087719
"Bx-HP_09",40.811017,-73.888374,250,2.3362,0.7599,0,0,69.7637,12.0705,15.0697,0,20.4112204288235,20.345,1946,1935,47.0588235294118,52.9411764705882,0
"Bx-HP_10",40.81424,-73.88569,250,10.5176,1.7039,0,0,11.7811,34.011,41.9864,0,31.6247619047619,28.1,1935,1930,19.047619047619,61.9047619047619,19.047619047619
"Bx-HP_11",40.813931,-73.88961,250,10.6615,1.6676,0,0,35.5592,14.8531,37.2586,0,34.4975859865,29.50830105,1960,1930.5,30,45,25
"Bx-HP_12",40.813937,-73.889688,250,10.1308,1.5533,0,0,34.7424,14.8189,38.7546,0,34.908830105,29.50830105,1960,1930.5,30,45,25
"Bx-HP_13",40.81254837,-73.88295044,250,4.6377,0.9147,0,0,30.7828,32.7353,30.9295,0,19.8761971272727,18.04,1954,1953,72.7272727272727,27.2727272727273,0
"Bx-HP_14",40.816767,-73.88285,250,8.7247,9.9798,0,0,26.6859,27.9406,24.4091,2.2599,19.539375,17.5,1938,1931,56.25,43.75,0
"Bx-HP_15",40.810679,-73.888433,250,2.3625,0.3691,0,0,62.9505,12.891,21.4269,0,21.0971449864516,21.84,1946,1935,45.1612903225806,54.8387096774194,0
"Bx-HP_16",40.81034487,-73.88595834,250,4.4194,1.4554,0,0,51.8057,25.9414,16.3781,0,20.665,20.015,1951,1953.5,50,50,0
"Bx-HP_17",40.812666,-73.886864,250,10.4006,5.6431,0,0,31.8926,17.593,34.4707,0,28.46595238,28.04,1951,1930,8.19672131147541,85.2459016393443,6.55737704918033
"Bx-HP_18",40.810906,-73.887522,250,0.9931,0.892,0,0,67.9782,11.2518,18.8849,0,22.1856755848,20.52,1948,1954,48,52,0
"Bx-HP_19",40.814843,-73.886509,250,14.0423,2.235,0,0,28.5016,28.5996,26.6215,0,38.3503448275862,28.36,1920,1923,13.7931034482759,48.2758620689655,37.9310344827586
"Bx-HP_20",40.815803,-73.884805,250,7.2978,2.4478,0,0,41.3406,10.1338,38.78,0,25.26875,18.58,1952,1949,43.75,37.5,18.75
"Bx-HP_21",40.814651,-73.883737,250,1.3224,1.2421,0,0,39.9665,24.8197,32.6493,0,19.4688888888889,18.77,1958,1952,55.5555555555556,44.4444444444444,0
"Bx-HP_22",40.810771,-73.885588,250,4.1431,1.322,0,0,45.0655,23.905,25.5644,0,21.2780886552,20.27,1957,1950,48,52,0
"Bx-HP_23",40.813472,-73.884888,250,7.3953,2.2859,0,0,23.2794,25.0611,41.9783,0,21.8665041437838,22.6,1941,1931,32.4324324324324,59.4594594594595,8.10810810810811
"Bx-HP_24",40.81409,-73.882629,250,4.3409,1.1029,0,0,43.0128,12.5508,38.9926,0,18.7020265575,18.235,1952,1951.5,58.3333333333333,33.3333333333333,8.33333333333333
"Bx-HP_26",40.810788,-73.88351,250,14.836,8.3533,0,0,36.0555,25.9694,14.7858,0,19.0126561829412,17.96,1947,1947,64.7058823529412,35.2941176470588,0
"Bx-HP_27",40.811531,-73.880861,250,3.301,0.545,0,0,19.7817,36.326,39.2929,0.7534,23.5605742233333,24.165,1975,1973.5,33.3333333333333,66.6666666666667,0
"Bx-HP_28",40.817062,-73.88585,250,9.2073,4.539,0,0,30.9227,20.2059,35.1251,0,35.3038235294118,30.51,1966,2000,2.94117647058824,76.4705882352941,20.5882352941176
"Bx-HP_29",40.811105,-73.882458,250,12.1043,7.3253,0,0,19.6218,36.2055,24.7431,0,18.2423889528571,18.535,1955,1952,64.2857142857143,35.7142857142857,0
"Bx-HP_30",40.816647,-73.889381,250,13.7903,9.2339,2.3602,0,27.7182,18.4666,28.4308,0,32.7628176411538,26.405,1918,1909,19.2307692307692,65.3846153846154,15.3846153846154
"Bx-HP_31",40.810802,-73.880494,250,6.3559,0.4722,0,0,29.4537,35.4774,28.2408,0,18.4829306675,14.905,1946,1945,62.5,37.5,0
"Bx-HP_32",40.813164,-73.88111,250,6.0928,0.5297,0,0,31.0729,32.3948,25.6706,4.2392,28.8383333333333,32.015,1962,1956.5,33.3333333333333,66.6666666666667,0
"Bx-HP_33",40.810153,-73.881467,250,12.1507,10.4965,0,0,34.3778,24.0722,18.9028,0,15.8069230769231,15.67,1945,1936,92.3076923076923,7.69230769230769,0
"Bx-HP_34",40.811101,-73.886623,250,1.6026,1.0841,0,0,60.7517,11.7697,24.7919,0,22.4492454008333,20.895,1953,1957,50,50,0
"Bx-HP_35",40.809372,-73.884265,250,2.7582,1.5805,0,0,38.5048,22.9219,34.2346,0,17.1887109516667,17.7728201,1947,1942,58.3333333333333,33.3333333333333,8.33333333333333
"Bx-MH_02",40.85149,-73.9088,250,3.0144,0.1799,0,0,34.4122,21.5279,33.9271,6.9385,41.0135236814286,47.07420842,1933,1923,28.5714285714286,19.047619047619,52.3809523809524
"Bx-MH_03",40.85551,-73.9138,250,20.6652,4.5529,0,0,33.2785,13.1927,28.3107,0,30.2986590709722,32.692768235,1911,1910,13.8888888888889,55.5555555555556,30.5555555555556
"Bx-MH_04",40.85011,-73.9135,250,15.8192,3.5428,0,0,32.1953,20.0744,28.3683,0,39.3899482609375,36.455,1955,1940.5,9.375,46.875,43.75
"Bx-MH_05",40.85452,-73.9134,250,12.0985,1.5901,1.2009,0,42.6145,8.2194,34.2766,0,46.9931441175676,56.74032306,1917,1915,10.8108108108108,21.6216216216216,67.5675675675676
"Bx-MH_06",40.85377582,-73.91428633,250,8.3067,0.8475,0,0,40.8859,19.6129,30.347,0,42.0017950239024,30.05660491,1919,1920,4.8780487804878,53.6585365853659,41.4634146341463
"Bx-MH_07",40.85640607,-73.91502558,250,43.8922,11.6877,0,0,15.1005,12.9251,16.3945,0,28.3156085360606,30.62191113,1920,1910,21.2121212121212,51.5151515151515,27.2727272727273
"Bx-MH_08",40.84999,-73.9094,250,15.309,1.9848,0,0,34.8035,10.4738,36.6126,0.8163,43.7201856688235,36.74,1927,1923.5,2.94117647058824,52.9411764705882,44.1176470588235
"Bx-MH_09",40.85589,-73.9109,250,22.8392,10.3921,0,0,24.1593,19.0896,23.5198,0,53.2698824285714,52.16614415,1928,1926,14.2857142857143,0,85.7142857142857
"Bx-MH_11",40.85198,-73.9073,250,14.6815,0.2439,0,0,42.6081,14.8961,27.5704,0,48.5153766422222,43.1,1918,1907,2.22222222222222,42.2222222222222,55.5555555555556
"Bx-MH_12",40.85599,-73.9124,250,13.445,10.7336,0,0,30.4371,10.8273,34.557,0,29.5699203452941,35.56337602,1914,1910,26.4705882352941,41.1764705882353,32.3529411764706
"Bx-MH_13",40.85482691,-73.91528535,250,12.6817,1.1786,0,0,36.615,17.1153,32.4094,0,37.145483539,31.362267605,1915,1910,4,74,22
"Bx-MH_14",40.85393,-73.9091,250,11.9851,0.6111,0,0,45.2191,19.7963,22.3884,0,40.3370599985714,32.83207369,1951,1925.5,14.2857142857143,45.2380952380952,40.4761904761905
"Bx-MH_15",40.85037,-73.9151,250,5.4415,2.9438,0,0,29.998,30.8566,30.7601,0,34.2365257833333,21.591093975,1972,1997,10,63.3333333333333,26.6666666666667
"Bx-MH_16",40.85518,-73.915041,250,16.126,3.5369,0,0,32.6663,16.5304,31.1404,0,35.0427319083871,31.362267605,1912,1910,3.2258064516129,79.0322580645161,17.741935483871
"Bx-MH_17",40.85221,-73.915,250,10.1088,1.9962,0,0,38.9161,12.1831,36.7958,0,33.9617090064583,28.42793789,1921,1920,0,81.25,18.75
"Bx-MH_18",40.85314,-73.9155,250,8.6692,1.7014,0,0,43.2941,9.8697,36.4656,0,32.7194723731667,29.074778775,1925,1920,3.33333333333333,78.3333333333333,18.3333333333333
"Bx-MH_19",40.85349,-73.9089,250,7.402,2.4408,0,0,49.3938,18.4102,20.149,2.2042,47.2516480365385,54.96748279,1935,1925,26.9230769230769,15.3846153846154,57.6923076923077
"Bx-MH_20",40.85262,-73.9133,250,28.4376,3.6397,0,0,26.9837,13.7957,27.1433,0,32.3979530319608,28.73812732,1925,1920,15.6862745098039,54.9019607843137,29.4117647058824
"Bx-MH_21",40.85444,-73.908,250,16.307,1.4068,0,0,37.8546,16.6008,25.5357,2.2951,35.3669040336735,30.43495008,1973,1992,4.08163265306122,73.469387755102,22.4489795918367
"Bx-MH_22",40.85568,-73.9079,250,17.0007,6.1988,0,0,30.4328,12.159,34.2087,0,32.0459076872,30.85807591,1960,1990,6.66666666666667,85.3333333333333,8
"Bx-MH_23",40.85046535,-73.90767989,250,11.6484,0.347,0,0,38.6732,18.2389,31.0925,0,44.5473846408824,39.44,1920,1917.5,5.88235294117647,47.0588235294118,47.0588235294118
"Bx-MH_24",40.85633,-73.9085,250,15.8577,7.5745,0,0,28.6535,13.1353,34.779,0,30.9859628349425,30.7123388,1972,1991,5.74712643678161,85.0574712643678,9.19540229885057
"Bx-MH_25",40.85536,-73.9108,250,23.7762,7.3518,0,0,24.777,23.4253,20.6697,0,48.028900615,50.59871057,1930,1922,12.5,12.5,75
"Bx-MH_26",40.85383,-73.9105,250,32.0101,1.5586,0,0,35.9089,10.2786,20.2438,0,36.2806668169048,32.19279852,1929,1920,26.1904761904762,30.952380952381,42.8571428571429
"Bk-BR_24",40.66430123,-73.91626788,250,16.0264,11.8497,0,0,24.5744,16.6668,30.8827,0,23.2839092988421,24.08,1959,1986,10.5263157894737,85.2631578947368,4.21052631578947
"Bk-BR_25",40.660761,-73.917153,250,15.0455,3.9137,0,0,36.9437,9.9552,28.6139,5.528,22.9457696557143,24.63,1930,1930,15.4761904761905,76.1904761904762,8.33333333333333
"Bk-BR_26",40.6655566,-73.91461759,250,20.6072,5.9446,0,0,32.2931,10.2015,30.9536,0,28.4516499408,26.48,1949,1930,9.33333333333333,76,14.6666666666667
"Bk-BR_27",40.66269,-73.9192,250,11.05,2.7559,0,0,28.8532,22.3601,32.0802,2.9006,26.4091525423729,24.31,1948,1930,22.0338983050847,64.4067796610169,13.5593220338983
"Bk-BR_28",40.659323,-73.916727,250,11.7417,0.9019,0,0,36.0729,20.998,30.2855,0,22.560201371625,23.96,1928,1930,12.5,83.75,3.75
"Bk-BR_29",40.66515,-73.9184,250,16.3481,6.2456,0,0,38.8711,11.0738,27.4614,0,26.5175384615385,26.7,1939,1930,3.07692307692308,87.6923076923077,9.23076923076923
"Bk-BR_30",40.66063698,-73.91418337,250,12.4183,1.117,0,0,45.7965,12.9758,27.6924,0,26.4200557098387,24.695,1937,1930,12.9032258064516,74.1935483870968,12.9032258064516
"Bk-BR_31",40.65959247,-73.91213276,250,18.6833,2.3047,0,0,41.0521,7.1676,30.7923,0,23.4501659177778,24.82,1929,1930,10.1851851851852,78.7037037037037,11.1111111111111
"Bk-BR_32",40.66416161,-73.91508683,250,22.3637,7.5418,0,0,31.4326,7.6511,31.0108,0,23.9776258492857,24.49,1954,1930,4.08163265306122,86.734693877551,9.18367346938776
"Bk-BR_33",40.66565,-73.9126,250,14.9004,7.8917,0,0,29.0021,15.424,32.7818,0,26.2273684210526,23.15,1976,1987,1.75438596491228,87.719298245614,10.5263157894737
"Bk-BR_34",40.6662437,-73.91269654,250,17.0673,9.4449,0,0,27.341,16.1907,29.9561,0,24.8339361340845,23.12,1981,1987,2.8169014084507,91.5492957746479,5.63380281690141
"Bk-BR_35",40.66578694,-73.91550002,250,20.3393,5.4022,0,0,29.3799,11.9625,32.9161,0,23.8516443880435,25.35,1944,1930,15.2173913043478,81.5217391304348,3.26086956521739
"Bk-EF_01",40.65105,-73.9433,250,7.6234,2.1581,0,0,33.0978,21.6139,35.5068,0,23.1103031943023,24.4250075,1920,1910,19.7674418604651,60.4651162790698,19.7674418604651
"Bk-EF_02",40.65109959,-73.94516269,250,14.7001,1.4185,0,0,40.0087,17.4381,26.4346,0,26.591762505,26.9,1918,1910,12.5,79.1666666666667,8.33333333333333
"Bk-EF_03",40.647446,-73.951205,250,11.2884,4.0821,0,0,32.5386,17.7655,34.3254,0,31.9805853292,31,1964,2006,6.66666666666667,77.3333333333333,16
"Bk-EF_04",40.651322,-73.9476297,250,18.7056,3.1429,0,0,38.309,16.7268,23.1157,0,27.592885256413,26.495,1918,1910,5.43478260869565,88.0434782608696,6.52173913043478
"Bk-EF_05",40.64758829,-73.95222494,250,12.569,5.1977,0,0,31.3117,16.5047,34.4169,0,30.4527895170833,28.025,1937,1920,12.5,72.2222222222222,15.2777777777778
"Bk-EF_06",40.65156205,-73.94777782,250,18.9036,4.8296,0,0,38.2326,13.7889,24.2453,0,26.5511497310976,25.98,1915,1910,12.1951219512195,80.4878048780488,7.31707317073171
"Bk-EF_07",40.65177,-73.945735,250,18.7424,1.5408,0,0,41.7997,9.0947,28.8224,0,27.7932417278652,27.31,1919,1920,13.4831460674157,75.2808988764045,11.2359550561798
"Bk-EF_08",40.64924,-73.952411,250,8.0295,3.7334,0,0,27.8118,24.2253,36.2,0,34.95525,31.42,1953,1931,0,77.5,22.5
"Bx-MH_28",40.8552,-73.9096,250,23.6404,8.6839,0,0,24.9961,13.5813,29.0983,0,29.7886234737736,28.23030867,1987,1992,5.66037735849057,86.7924528301887,7.54716981132075
"Bx-MH_29",40.85226,-73.9108,250,19.978,2.8474,0,0,36.1516,17.3863,23.6367,0,47.7947092790909,38.57,1925,1924,0,57.5757575757576,42.4242424242424
"Bx-MH_30",40.85424,-73.9117,250,24.1742,2.2825,5.5462,0,29.4109,18.3627,20.2235,0,37.7834597508,30.00135956,1927,1920,28,24,48
"Bx-MH_31",40.85173,-73.9144,250,17.1286,3.2142,0,0,29.6594,14.717,35.2808,0,31.8924267370833,25.257253055,1941,1924,12.5,64.5833333333333,22.9166666666667
"Bx-MH_32",40.85348,-73.9099,250,14.3851,0.4188,0,0,47.9816,14.7181,22.4964,0,45.1674952591892,39.25679868,1933,1924,8.10810810810811,43.2432432432432,48.6486486486487
"Bx-MH_33",40.85116,-73.9122,250,15.5686,2.9932,0,0,30.5051,15.9794,34.9537,0,43.6482419719231,31.862699915,1931,1920,3.84615384615385,57.6923076923077,38.4615384615385
"Bx-MH_34",40.856271,-73.909516,250,22.1654,11.4586,0,0,15.7234,22.6755,27.9771,0,31.1792269984444,29.87574528,1981,1992,6.66666666666667,82.2222222222222,11.1111111111111
"Bx-MH_35",40.85193726,-73.91231384,250,18.0308,5.1244,0,0,33.2601,12.0283,31.5564,0,33.3854787537255,29.85,1926,1920,9.80392156862745,62.7450980392157,27.4509803921569
"Bx-MT_01",40.80647914,-73.91445816,250,10.453,3.0471,0,0,32.0007,18.0477,36.4515,0,37.2694726346809,32.96,1974,1998,4.25531914893617,74.468085106383,21.2765957446809
"Bx-MT_02",40.80476595,-73.91485539,250,16.9092,3.7782,0,0,31.2705,19.1951,28.847,0,54.7375,59.46,1931,1931,50,6.25,43.75
"Bx-MT_03",40.805151,-73.913301,250,12.9389,2.8769,0,0,33.6651,23.414,27.1051,0,32.7422304195455,25.055,1945,1931,36.3636363636364,31.8181818181818,31.8181818181818
"Bx-MT_04",40.80806299,-73.91467007,250,11.6172,6.2065,0,0,32.1657,17.0801,32.9305,0,41.3861538461538,34.25,1962,1992.5,7.69230769230769,51.9230769230769,40.3846153846154
"Bx-MT_06",40.80655603,-73.91270435,250,5.8121,1.3882,0,0,37.0659,17.2998,38.434,0,41.3153333333333,36.335,1961,1969,13.3333333333333,46.6666666666667,40
"Bx-MT_08",40.803158,-73.907123,250,1.2696,2.0796,0,0,60.4297,18.3487,17.8724,0,27.6011825075,20.715,1953,1948.5,50,37.5,12.5
"Bx-MT_09",40.805861,-73.911329,250,1.5588,0.1327,0,0,46.2085,23.648,28.452,0,22.867188502,20.98,1942,1931,45,45,10
"Bx-MT_10",40.80733374,-73.9164825,250,12.57,2.1673,0,0,35.2996,17.3025,32.6606,0,45.2662962411765,37.16,1960,1952.5,2.94117647058824,50,47.0588235294118
"Bx-MT_11",40.80718324,-73.91215335,250,11.9381,3.1466,0,0,38.0779,18.9486,27.8888,0,36.8299178325,28.82,1934,1926,20.8333333333333,41.6666666666667,37.5
"Bx-MT_12",40.806174,-73.91574,250,9.6084,4.0576,0,0,43.4984,13.7118,29.1238,0,41.8128339705882,37.035,1953,1931,14.7058823529412,41.1764705882353,44.1176470588235
"Bx-MT_13",40.803755,-73.9066,250,2.2136,0.7247,0,0,48.8402,20.7616,27.4599,0,28.1784825457143,22.69,1945,1931,28.5714285714286,57.1428571428571,14.2857142857143
"Bx-MT_14",40.8036395,-73.90819807,250,1.8315,1.1397,0,0,56.0248,17.7818,13.2534,9.9688,31.7316666666667,29.49,1959,1955.5,33.3333333333333,50,16.6666666666667
"Bx-MT_15",40.807309,-73.914454,250,9.1292,4.9011,0,0,31.2852,16.3236,38.3609,0,40.694858356,33.11,1972,1999,1.66666666666667,66.6666666666667,31.6666666666667
"Bx-MT_16",40.80582351,-73.91492731,250,13.6421,7.7766,0,0,29.4721,19.3661,29.7431,0,42.4584286713793,46.53,1934,1928,13.7931034482759,34.4827586206897,51.7241379310345
"Bx-MT_17",40.80790198,-73.91086861,250,13.9812,4.4696,0,0,33.5539,16.7682,31.2271,0,30.43496482125,32.98,1951,1931,9.375,87.5,3.125
"Bx-MT_19",40.802567,-73.907808,250,0.7323,1.1888,0,0,51.4673,25.3324,21.2792,0,34.9983333333333,34.87,1975,1989.5,33.3333333333333,33.3333333333333,33.3333333333333
"Bx-MT_20",40.80774234,-73.90899931,250,19.2099,1.7225,0,0,37.1838,15.9093,25.1413,0.8332,42.3818181818182,43.61,1918,1912,18.1818181818182,27.2727272727273,54.5454545454545
"Bx-MT_21",40.804564,-73.90993,250,2.8193,0.9433,0,0,58.6331,21.0559,14.2284,2.32,23.3519724605882,23.71353183,1941,1931,35.2941176470588,64.7058823529412,0
"Bx-MT_22",40.807946,-73.913132,250,8.4577,4.429,0,0,30.2484,18.7301,38.1348,0,49.5557142857143,57.615,1946,1920,0,32.1428571428571,67.8571428571429
"Bx-MT_23",40.807892,-73.908091,250,8.3887,2.5469,0,0,34.9458,20.8592,32.5201,0.7393,44.5605030036364,43.61,1919,1911,9.09090909090909,36.3636363636364,54.5454545454545
"Bx-MT_24",40.805108,-73.909272,250,3.6649,4.6452,0,0,47.0693,24.9061,15.7148,3.9997,29.1615687886667,23.71353183,1942,1934.5,33.3333333333333,53.3333333333333,13.3333333333333
"Bx-MT_25",40.80758846,-73.9114126,250,18.4494,4.0353,0,0,27.3714,19.1847,30.9592,0,30.2977229994444,32.665,1935,1910,8.33333333333333,86.1111111111111,5.55555555555556
"Bx-MT_27",40.806564,-73.911802,250,8.2887,1.2236,0,0,39.2209,20.2685,30.9983,0,30.6781438564286,24.26,1933,1931,32.1428571428571,46.4285714285714,21.4285714285714
"Bx-MT_30",40.80519703,-73.91465038,250,18.304,5.5932,0,0,28.0918,22.1559,25.8551,0,42.1921731428571,57.38,1932,1925,23.8095238095238,23.8095238095238,52.3809523809524
"Bx-MT_31",40.80275618,-73.91232934,250,7.9001,2.1172,0,0,46.0712,18.5245,25.387,0,29.3881550471875,22.525,1930,1931,34.375,43.75,21.875
"Bx-MT_32",40.809026,-73.913666,250,8.4661,3.7342,0,0,32.7003,16.8801,38.2193,0,38.2096610169492,34,1977,1999,0,77.9661016949153,22.0338983050847
"Bx-MT_33",40.8056854,-73.91430967,250,13.3238,1.309,0,0,33.232,20.5471,31.5881,0,44.1134708322222,36.4,1946,1931,3.7037037037037,51.8518518518518,44.4444444444444
"Bx-MT_35",40.80718489,-73.91045732,250,17.0239,3.8711,0,0,18.2857,15.6223,45.197,0,29.1836009326667,31.76,1921,1910,6.66666666666667,90,3.33333333333333
"M-CH_01",40.809398,-73.949563,250,5.637,0.0746,0,0,61.3089,14.3283,18.6512,0,58.738222524,45.964488435,1936,1920,20,25,55
"M-CH_03",40.80551,-73.9521,250,15.6794,0.4952,0,0,38.6075,19.9113,25.3066,0,70.4386400505882,66.3440575,1922,1910,0,0,100
"M-CH_04",40.80701875,-73.95152243,250,19.9965,2.8,0,0,46.112,8.5887,22.5028,0,51.0818231046154,46.975,1920,1910,0,6.41025641025641,93.5897435897436
"M-CH_05",40.807207,-73.951976,250,20.2109,2.4944,0,0,42.1138,12.4719,22.709,0,53.3795876703947,46.975,1922,1910,3.94736842105263,7.89473684210526,88.1578947368421
"M-CH_06",40.80802,-73.9483,250,5.5866,0.3869,0,0,49.4983,22.3932,22.135,0,70.9805739855,61.19,1925,1910,15,5,80
"M-CH_07",40.80860062,-73.94722497,250,3.0257,0.4356,0,0,46.0311,17.8875,32.6201,0,70.026851755,48.765,1941,1910,18.1818181818182,27.2727272727273,54.5454545454545
"M-CH_08",40.80551,-73.9463,250,22.0905,2.7041,0,0,41.0984,14.0844,20.0226,0,56.497493027013,56.2,1888,1888,1.2987012987013,0,98.7012987012987
"M-CH_09",40.80757,-73.947,250,7.7457,1.075,0,0,58.761,11.9071,20.5112,0,67.8104928060417,51.08,1927,1910,20.8333333333333,12.5,66.6666666666667
"M-CH_10",40.80406,-73.9445,250,67.2027,15.7147,3.55,0,0.8261,0.33,12.3765,0,41.5514285714286,41.69,1920,1887,14.2857142857143,14.2857142857143,71.4285714285714
"M-CH_11",40.80336,-73.9506,250,21.4847,2.4088,0,0,41.8357,8.7663,25.5045,0,42.6985186423864,44.46,1948,1920,2.27272727272727,44.3181818181818,53.4090909090909
"M-CH_12",40.80975021,-73.94995082,250,4.541,0.0871,0,0,55.7358,14.5798,25.0563,0,50.14476877,45.494488435,1930,1917,16.6666666666667,29.1666666666667,54.1666666666667
"M-CH_13",40.80564,-73.9502,250,23.2008,3.1631,0,0,36.81,18.5357,18.2904,0,50.4183772630769,45.84,1896,1891,0,0,100
"M-CH_14",40.8025164,-73.95062325,250,7.9857,1.1785,0,0,46.8641,18.7817,25.19,0,50.5078853930769,54.705,1955,1940,3.84615384615385,38.4615384615385,57.6923076923077
"M-CH_15",40.80380817,-73.94975521,250,28.7543,3.7333,0,0,44.9839,4.3367,18.1918,0,44.9392000464423,44.92,1917,1899,0,17.3076923076923,82.6923076923077
"M-CH_16",40.80359,-73.9456,250,34.022,11.5509,1.0264,0,27.5406,9.1888,16.6713,0,47.404964525,45.18,1900,1896,0,12.0689655172414,87.9310344827586
"M-CH_17",40.80395907,-73.95232605,250,17.5805,1.3746,0,0,24.6203,34.1469,22.2777,0,78.4975912188889,70.48,1915,1910,11.1111111111111,0,88.8888888888889
"M-CH_19",40.80724,-73.9484,250,13.7515,2.6804,0,0,47.544,12.6736,23.3505,0,58.1584863485714,53.64,1901,1886,3.57142857142857,4.76190476190476,91.6666666666667
"M-CH_20",40.80288849,-73.94783592,250,13.5521,1.4888,0,0,43.5296,13.8025,27.627,0,46.1232106438462,42.89,1928,1909,5.12820512820513,20.5128205128205,74.3589743589744
"M-CH_21",40.80362,-73.9476,250,17.31,2.7617,0,0,40.7965,15.826,23.3058,0,46.5551443058025,45.14,1907,1896,1.23456790123457,7.40740740740741,91.358024691358
"M-CH_22",40.806857,-73.947485,250,15.6442,4.9364,0,0,46.4382,10.3701,22.6111,0,58.0383357286047,48.88,1908,1889,6.97674418604651,5.81395348837209,87.2093023255814
"M-CH_23",40.80780655,-73.94334609,250,19.076,3.7916,0,0,47.1813,9.0542,20.8969,0,50.9515035108046,45.01,1921,1909,2.29885057471264,5.74712643678161,91.9540229885057
"M-CH_25",40.80901,-73.9462,250,13.4159,1.8538,0,0,51.1863,10.9653,22.5787,0,53.6075869310345,44.53,1933,1910,1.72413793103448,13.7931034482759,84.4827586206897
"M-CH_26",40.80251,-73.9495,250,9.9283,1.1977,0,0,36.6999,28.1545,24.0196,0,50.605761797931,48,1972,1999,6.89655172413793,44.8275862068966,48.2758620689655
"M-CH_27",40.80476576,-73.9474961,250,17.6116,2.5761,0,0,35.2227,19.6435,24.9461,0,52.9970849352,52.19,1893,1889,1.33333333333333,1.33333333333333,97.3333333333333
"M-CH_28",40.80225,-73.9452,250,21.7983,4.2771,0,0,33.6249,20.2562,20.0435,0,60.2247958638462,41.55115325,1955,1928,2.56410256410256,48.7179487179487,48.7179487179487
"M-CH_29",40.80686,-73.946,250,12.9306,2.1043,0,0,39.836,21.4727,23.6564,0,58.9290502555556,55.455,1907,1897.5,7.40740740740741,0,92.5925925925926
"M-CH_30",40.80554,-73.9473,250,16.9052,1.0765,0,0,33.4782,20.9635,27.5766,0,56.8054993162963,56.41,1891,1888,1.85185185185185,1.85185185185185,96.2962962962963
"M-CH_31",40.80616,-73.9504,250,18.5767,2.4606,0,0,37.5325,22.5918,18.8384,0,54.9629437114545,48.01,1905,1910,1.81818181818182,0,98.1818181818182
"M-CH_32",40.80356079,-73.95205127,250,16.684,1.4565,0,0,26.0931,34.1107,21.6557,0,61.2187913792593,60.55,1936,1920,11.1111111111111,25.9259259259259,62.962962962963
"M-CH_33",40.80856,-73.9522,250,9.5156,0.4851,0,0,32.0169,31.084,26.8984,0,65.7949353967442,60.323207,1942,1910,9.30232558139535,9.30232558139535,81.3953488372093
"M-CH_34",40.80707,-73.9495,250,15.9122,2.8328,0,0,35.8296,24.8849,20.5405,0,54.6953986685714,54.56,1903,1910,1.58730158730159,1.58730158730159,96.8253968253968
"M-CH_35",40.80166,-73.9498,250,13.3681,2.4155,0,0,30.1576,29.2564,24.8024,0,63.6076139291304,55.15,1933,1920,34.7826086956522,8.69565217391304,56.5217391304348
"M-EH_01",40.78811527,-73.94848207,250,16.4399,1.4673,0,0,38.0132,16.5539,27.5257,0,62.6321503405556,60.07077969,1927,1910,9.25925925925926,1.85185185185185,88.8888888888889
"M-EH_02",40.79033369,-73.9437275,250,21.3318,1.0979,0,0,43.5504,14.2521,19.7678,0,54.1367815288095,53.95189623,1931,1920,9.52380952380952,19.047619047619,71.4285714285714
"M-EH_03",40.79215022,-73.95193172,250,17.0058,0.8852,0,0,39.1645,12.7036,30.2409,0,110.104894456,100.36,1939,1927,50,10,40
"M-EH_04",40.79013187,-73.94520116,250,21.1126,8.8374,0,0,27.3226,23.6302,19.0972,0,49.9352595288235,46.23519556,1930,1920,11.7647058823529,38.2352941176471,50
"M-EH_05",40.79448998,-73.94938095,250,21.1934,1.2034,0,0,41.7771,12.8029,23.0232,0,107.138181818182,71.54,1938,1920,27.2727272727273,9.09090909090909,63.6363636363636
"M-EH_06",40.79253711,-73.946749,250,13.5728,1.4751,0,0,39.4145,20.53,24.7266,0.281,56.8316105643182,50.8,1916,1910,6.81818181818182,2.27272727272727,90.9090909090909
"M-EH_07",40.78964784,-73.94794698,250,13.4302,1.2072,0,0,43.1215,16.3057,25.9354,0,58.0979231466667,61.89759838,1916,1910,3.7037037037037,16.6666666666667,79.6296296296296
"M-EH_08",40.79539776,-73.94792433,250,23.4649,1.3539,0,0,29.5407,20.0041,25.6364,0,72.38,68.16,1938,1920,4.34782608695652,0,95.6521739130435
"M-EH_09",40.79145039,-73.94637861,250,17.3127,1.8849,0,0,32.7231,16.2169,31.8624,0,53.1196069248148,50.98547697,1915,1910,1.85185185185185,3.7037037037037,94.4444444444444
"M-EH_10",40.79305019,-73.94208096,250,13.948,0.6302,0,0,35.1994,11.8988,38.3236,0,37.4820833333333,36.49,1956,1980.5,4.16666666666667,45.8333333333333,50
"M-EH_12",40.79175908,-73.94538685,250,13.3421,2.117,0,0,35.5761,21.5437,27.4211,0,52.0813931578571,51.615,1915,1910,3.57142857142857,3.57142857142857,92.8571428571429
"M-EH_13",40.79397132,-73.95015387,250,20.6036,1.2921,0,0,45.0264,17.7729,15.305,0,135.0475,147.235,1938,1921,50,12.5,37.5
"M-EH_14",40.793111,-73.944431,250,12.1382,4.0607,0,0,33.4297,17.3962,32.9752,0,51.1261111111111,50.775,1916,1910,4.16666666666667,5.55555555555556,90.2777777777778
"M-EH_15",40.789267,-73.949254,250,22.1895,2.9674,0,0,39.7422,12.5925,21.2991,1.2093,52.366528016129,54.08947331,1907,1910,3.2258064516129,30.6451612903226,66.1290322580645
"M-EH_16",40.78885267,-73.94242494,250,20.9842,2.28,0,0,45.036,7.9811,23.7187,0,52.2785378969811,49.07,1922,1910,5.66037735849057,5.66037735849057,88.6792452830189
"M-EH_17",40.791828,-73.945538,250,14.1592,2.0765,0,0,35.8053,19.8942,28.0648,0,52.4363869891667,51.39,1914,1910,1.66666666666667,3.33333333333333,95
"M-EH_18",40.79232036,-73.94450968,250,14.6154,2.9289,0,0,38.3827,22.4279,21.6451,0,59.5438596491228,51.97,1917,1910,5.26315789473684,3.50877192982456,91.2280701754386
"M-EH_19",40.79038641,-73.94164677,250,29.4403,3.5668,0,0,27.5757,18.3118,21.1054,0,64.879696969697,55.84,1930,1920,27.2727272727273,6.06060606060606,66.6666666666667
"M-EH_20",40.79361203,-73.94171863,250,12.8304,1.8061,0,0,40.743,9.7157,34.9048,0,44.9361517607547,44.14,1937,1910,3.77358490566038,28.3018867924528,67.9245283018868
"M-EH_22",40.79476675,-73.95065556,250,44.5649,5.8414,0.4958,8.8326,20.0853,7.4316,12.7484,0,123.083769548571,127,1943,1923,57.1428571428571,14.2857142857143,28.5714285714286
"M-EH_23",40.79068156,-73.95175509,250,26.9577,1.4867,0,0,34.0896,19.3106,18.1554,0,176.62962018375,134.24743168,1964,1958.5,37.5,25,37.5
"M-EH_24",40.795718,-73.943678,250,11.6655,2.0266,0,0,35.8768,18.5452,31.8859,0,52.6701568255263,52.115,1935,1910,18.4210526315789,2.63157894736842,78.9473684210526
"M-EH_25",40.792209,-73.94116,250,19.1585,1.051,0,0,35.1358,23.3344,21.3203,0,64.36958613,55.39,1924,1915,9.67741935483871,6.45161290322581,83.8709677419355
"M-EH_26",40.78856549,-73.94886635,250,13.7863,2.0647,0,0,40.3699,17.7419,26.0372,0,60.3069137571429,61.48319718,1923,1910,7.14285714285714,11.9047619047619,80.952380952381
"M-EH_27",40.79313116,-73.94815082,250,25.1786,3.105,0,0,19.7132,18.9502,20.0408,13.0122,80.25,57.645,1937,1938,25,12.5,62.5
"M-EH_28",40.791583,-73.944447,250,12.5812,1.6678,0,0,39.9936,26.7507,19.0067,0,61.7019297378947,55.935,1922,1910,13.1578947368421,13.1578947368421,73.6842105263158
"M-EH_29",40.79451677,-73.94266988,250,15.7844,2.0147,0,0,41.5319,22.882,17.787,0,43.5813028001724,44.855,1920,1910,10.3448275862069,8.62068965517241,81.0344827586207
"M-EH_30",40.7942336,-73.93992758,250,16.1505,3.1877,0,0,33.4171,25.2118,22.0329,0,55.5287112731034,47.6,1932,1910,12.0689655172414,12.0689655172414,75.8620689655172
"M-EH_31",40.789591,-73.943059,250,19.0659,0.8757,0,0,37.3163,21.6497,21.0924,0,56.0161469611111,50.18,1919,1910,3.7037037037037,1.85185185185185,94.4444444444444
"M-EH_33",40.78955115,-73.9462964,250,21.2317,9.5692,0,0,28.4239,23.2642,17.511,0,54.7070842445161,55.12616725,1922,1910,25.8064516129032,12.9032258064516,61.2903225806452
"M-EH_34",40.793019,-73.945806,250,12.0137,4.026,0,0,31.8131,18.013,34.1342,0,52.9168333333333,50.865,1916,1910,3.33333333333333,0,96.6666666666667
"M-EH_35",40.78817104,-73.94408406,250,18.6654,5.2523,0,0,28.6867,21.5169,25.8787,0,67.6721455610526,56.50093348,1945,1923,26.3157894736842,5.26315789473684,68.421052631579
"Q-CH_01",40.70608284,-73.74370211,250,29.8619,11.8044,0,0,18.1153,15.6378,24.5806,0,22.2802805340426,26.535,1922,1920,34.0425531914894,61.7021276595745,4.25531914893617
"Q-CH_02",40.70323077,-73.73708463,250,21.0411,13.0365,0,0,31.0324,14.021,20.869,0,16.1582329390441,18.015,1940,1940,63.2352941176471,27.2058823529412,9.55882352941176
"Q-CH_03",40.70198422,-73.74015389,250,18.0958,13.7932,0,0,22.5417,15.0403,30.529,0,21.0420365817526,24.34,1944,1940,32.9896907216495,58.7628865979381,8.24742268041237
"Q-CH_04",40.70117592,-73.73744971,250,15.3838,20.2381,0,0,20.0215,15.4558,28.9008,0,17.5533133130952,19.87868883,1942,1950,38.0952380952381,47.6190476190476,14.2857142857143
"Q-CH_06",40.70559181,-73.7386539,250,30.384,23.8076,0,0,14.1485,9.2791,22.3808,0,22.5400381791837,24.03,1965,1950,26.530612244898,73.469387755102,0
"Q-CH_07",40.70093724,-73.74212532,250,15.2594,12.4109,0,0,17.8062,26.8322,27.6913,0,21.0540729894253,23.61,1935,1935,22.9885057471264,66.6666666666667,10.3448275862069
"Q-CH_08",40.70416796,-73.7396405,250,7.6434,9.6329,0,0,31.4522,22.8784,28.3931,0,18.847740515,18.175,1939,1940,39.4736842105263,47.3684210526316,13.1578947368421
"Q-CH_09",40.70325333,-73.7353952,250,19.9236,22.2844,0,0,19.239,8.6923,29.8607,0,17.7700732829897,18.55,1935,1935,31.9587628865979,49.4845360824742,18.5567010309278
"Q-CH_10",40.701138,-73.740872,250,9.2705,12.3413,0,0,19.3184,31.2964,27.7734,0,22.5773069351163,24.085,1942,1940,18.6046511627907,77.906976744186,3.48837209302326
"Q-CH_11",40.70188054,-73.73678206,250,17.156,18.0869,0,0,23.126,10.5622,31.0689,0,19.0931964630275,17.68,1932,1925,39.4495412844037,49.5412844036697,11.0091743119266
"Q-CH_12",40.70239284,-73.74283427,250,14.8361,10.7064,0,0,22.5051,22.9356,29.0168,0,20.2485104865686,22.45,1932,1930,32.3529411764706,55.8823529411765,11.7647058823529
"Q-CH_13",40.70048818,-73.74431565,250,11.3758,17.1279,0,0,24.1343,15.127,32.235,0,23.3530032447872,29.68995745,1924,1925,37.2340425531915,61.7021276595745,1.06382978723404
"Q-CH_14",40.70475869,-73.73872374,250,15.7822,22.7104,0,0,19.1234,16.5034,25.8806,0,21.4226415163636,23.42,1949,1940,40.9090909090909,59.0909090909091,0
"Q-CH_15",40.70689698,-73.74008317,250,17.3119,7.7849,0,0,21.2647,15.1099,38.5286,0,21.4970529674737,27.68,1925,1920,35.7894736842105,56.8421052631579,7.36842105263158
"Q-CH_16",40.70400162,-73.74101414,250,16.3339,8.471,0,0,23.5279,21.7707,29.8965,0,20.8597891411538,22.2,1931,1930,43.5897435897436,52.5641025641026,3.84615384615385
"Q-CH_17",40.70457674,-73.73619579,250,20.1959,21.04,0,0,16.8088,14.6909,27.2644,0,18.7847388450633,21.97,1947,1950,37.9746835443038,62.0253164556962,0
"Q-CH_19",40.70295,-73.736292,250,22.068,16.5882,0,0,25.0241,12.2294,24.0903,0,17.9723223729204,19.48,1937,1935,40.7079646017699,45.1327433628319,14.1592920353982
"Q-CH_20",40.70239672,-73.74404344,250,12.7746,10.813,0,0,21.7502,24.2736,30.3886,0,21.9959324101087,28.6,1927,1930,42.3913043478261,56.5217391304348,1.08695652173913
"Q-CH_21",40.70381935,-73.74527363,250,15.0758,13.2462,0,0,21.3708,19.7559,30.5513,0,23.1822525189247,28.95,1927,1930,31.1827956989247,63.4408602150538,5.3763440860215
"Q-CH_22",40.70061715,-73.74036166,250,15.7661,14.0468,0,0,20.5787,23.3558,26.2526,0,20.8300176506977,23.555,1940,1940,37.2093023255814,61.6279069767442,1.16279069767442
"Q-CH_23",40.70525325,-73.74194888,250,23.4915,11.4079,0,0,21.0067,13.5017,30.5922,0,22.41767597,28.7,1928,1930,40.18691589,58.87850467,0.934579439
"Q-CH_24",40.70538442,-73.74414496,250,22.2955,12.8718,0,0,19.59,18.4254,26.8173,0,22.99386503,28.205,1924,1925,32.60869565,61.95652174,5.434782609
"Q-CH_25",40.70233319,-73.73815266,250,14.7952,14.3531,0,0,23.9883,16.0383,30.8251,0,19.37852587,21.41,1935,1935,31.3559322,52.54237288,16.10169492
"Q-CH_26",40.700054,-73.738645,250,8.7787,27.1419,0,0,17.8015,17.2834,28.9945,0,17.59943841,12.90518988,1945,1950,48.38709677,48.38709677,3.225806452
"Q-CH_27",40.70307792,-73.74170923,250,17.783,16.6523,0,0,24.5117,12.1054,28.9476,0,20.61810424,22.2,1938,1930,39.80582524,52.42718447,7.766990291
"Q-CH_28",40.702985,-73.740519,250,13.0654,10.2843,0,0,27.2508,22.2106,27.1889,0,19.57427351,21.86,1945,1935,37.07865169,51.68539326,11.23595506
"Q-CH_29",40.69979,-73.737775,250,18.0924,22.6568,0,0,16.9141,15.6247,26.712,0,18.09583263,19.08924087,1940,1940,46.15384615,47.25274725,6.593406593
"Q-CH_31",40.707022,-73.738995,250,31.9836,15.9118,0,0,8.5531,18.6772,24.8743,0,21.63769231,20.15,1932,1920,34.61538462,46.15384615,19.23076923
"Q-CH_32",40.70479091,-73.74001526,250,12.2256,9.2226,0,0,23.9008,21.6195,33.0315,0,20.4237989,17.13,1936,1930,49.09090909,47.27272727,3.636363636
"Q-CH_33",40.69925418,-73.7370388,250,24.292,19.5613,0,0,20.6271,8.4724,27.0472,0,19.56479619,23.57374386,1941,1940,43.37349398,51.80722892,4.819277108
"Q-CH_34",40.70745117,-73.74310588,250,24.0812,19.7654,0,0,19.2295,13.6399,23.284,0,21.93000466,26.285,1922,1920,40,57.77777778,2.222222222
"Q-CH_35",40.70394894,-73.73805998,250,11.7786,20.6267,0,0,24.0883,19.443,24.0634,0,17.88148524,19.04,1942,1940,46.73913043,41.30434783,11.95652174
"Q-JC_01",40.69834374,-73.77851731,250,20.9786,14.1567,0,0,22.85,12.5586,29.4561,0,23.28427554,25.69,1937,1925,20.98765432,75.30864198,3.703703704
"Q-JC_02",40.70336,-73.781967,250,22.5187,6.9952,0,0,25.3608,13.3735,31.7518,0,20.68477699,23.83,1926,1920,25.19083969,67.9389313,6.870229008
"Q-JC_03",40.70218909,-73.78282315,250,23.9991,16.5145,0.217,0,15.2374,15.3019,28.7301,0,22.37166299,23.56,1934,1935,17.1875,75,7.8125
"Q-JC_04",40.69995304,-73.77750273,250,9.7683,9.5987,0,0,36.3315,5.9457,38.3558,0,22.91695652,24.67,1947,1950,13.04347826,82.60869565,4.347826087
"Bk-BR_02",40.66344406,-73.91305346,250,20.2032,8.9116,7.4341,0,19,8.5079,35.9432,0,23.16473684,24.67,1949,1930,15.78947368,81.57894737,2.631578947
"Bk-EF_14",40.652659,-73.951216,250,11.1182,3.1946,0,0,45.2819,9.4859,30.9194,0,38.1828,46.36,1937,1931,0,8,92
"Bk-EF_36",40.65263184,-73.95137314,250,9.9303,4.227,0,0,43.7346,9.514,32.5941,0,37.34692308,46.08,1936,1931,0,15.38461538,84.61538462
"Bk-EN_04",40.66849402,-73.89390293,250,16.155,7.9508,0,0,30.8398,13.0157,32.0387,0,30.05404868,28,1961,1992,2.469135802,91.35802469,6.172839506
"Bk-EN_24",40.67165609,-73.88802102,250,16.3127,32.4956,1.6678,0,13.4924,13.6041,22.4274,0,26.8925,25.88,1969,1991,5,95,0
"Bk-RH_01",40.67618735,-73.98368192,250,12.5263,0.9082,0,0,34.6082,25.2455,26.7118,0,43.4683639262069,36.855,1937,1920,8.62068965517241,51.7241379310345,39.6551724137931
"Bk-RH_02",40.67895533,-73.98675637,250,6.0212,1.2283,0,0,53.303,14.993,24.4545,0,30.29158103875,32.195,1916,1920,17.5,65,17.5
"Bk-RH_03",40.677032,-73.983954,250,6.2684,1.5633,0,0,34.655,23.4547,34.0586,0,38.5424489795918,41.36,1936,1921.5,18.3673469387755,30.6122448979592,51.0204081632653
"Bk-RH_04",40.67699145,-73.98416428,250,5.7123,3.2508,0,0,35.2333,21.1194,34.6842,0,36.0271739130435,37.545,1931,1920,17.3913043478261,32.6086956521739,50
"Bk-RH_05",40.67746527,-73.98706424,250,11.0973,0.7388,0,0,36.3162,12.455,39.3927,0,32.5452809227536,31.8,1907,1901,7.2463768115942,79.7101449275362,13.0434782608696
"Bk-RH_06",40.67981618,-73.98940957,250,7.3736,5.5012,0,1.8681,30.1072,16.041,39.1089,0,33.9156403477778,30.96813762,1941,1931,15.5555555555556,55.5555555555556,28.8888888888889
"Bk-RH_07",40.68020548,-73.99255773,250,23.7977,6.6153,0,0,32.3709,10.6152,26.6009,0,36.1350893745833,33.477704775,1885,1881,2.08333333333333,53.125,44.7916666666667
"Bk-RH_08",40.68193154,-73.99713465,250,29.7923,2.8558,0,0,44.4802,3.2932,19.5785,0,45.6397353935556,46.07,1906,1900,2.22222222222222,15.5555555555556,82.2222222222222
"Bk-RH_09",40.68331068,-73.99897774,250,24.8523,1.2568,0,0,43.5162,8.0191,22.3556,0,45.3765714285714,45.82,1911,1900,0.952380952380952,7.61904761904762,91.4285714285714
"Bk-RH_10",40.682168,-73.995408,250,24.7669,3.6383,0,0,41.1104,9.0876,21.3968,0,40.2656000958537,39.045,1917,1920,1.21951219512195,56.0975609756098,42.6829268292683
"Bk-RH_11",40.67914263,-73.99458114,250,30.4356,5.5734,0,0,30.5624,6.6707,26.7579,0,34.5640320848454,37.25,1897,1901,0,88.659793814433,11.340206185567
"Bk-RH_13",40.67837627,-73.99167667,250,27.5543,4.1873,0,0,34.4616,8.1031,25.6937,0,30.4437749621053,28.96,1910,1901,2.10526315789474,92.6315789473684,5.26315789473684
"Bk-RH_14",40.68064585,-73.99680888,250,28.7934,2.3702,0,0,32.4346,10.4894,25.9124,0,46.7033837056944,46.091756705,1919,1920,1.38888888888889,16.6666666666667,81.9444444444444
"Bk-RH_15",40.67821453,-73.98313606,250,0.9046,3.923,0,0,37.5582,24.3972,33.217,0,32.0194465121429,26.56,1939,1931,39.2857142857143,25,35.7142857142857
"Bk-RH_16",40.6782815,-73.99448571,250,26.6137,4.9109,0,0,37.5004,9.1115,21.8635,0,34.0251912624176,30.79,1908,1901,3.2967032967033,78.021978021978,18.6813186813187
"Bk-RH_17",40.6819194,-73.99273154,250,30.0808,6.1015,0,0,36.8583,7.1704,19.789,0,39.042,40.215,1908,1899,0.833333333333333,45.8333333333333,53.3333333333333
"Bk-RH_19",40.748326,-73.942779,250,3.7615,4.1193,0,0,43.5116,22.4276,26.18,0,139.308,76.93,1969,1954,33.3333333333333,46.6666666666667,20
"Bk-RH_22",40.78941561,-73.9520216,250,40.3075,4.9561,0,0,19.7029,15.8777,19.1558,0,160.867302188182,133.9,1962,1963,54.5454545454545,9.09090909090909,36.3636363636364
"Bk-RH_33",40.80836506,-73.87996875,250,0.6143,0.689,0,0,17.9717,18.5077,62.2173,0,20.7275,21.86,1978,1993,25,75,0
"Bk-SH_02",40.68156576,-73.93281464,250,27.4976,3.7348,0,0,42.3256,4.7566,21.6854,0,42.5080555653608,43.08,1893,1892,3.09278350515464,2.06185567010309,94.8453608247423
"Bk-SH_22",40.68480269,-73.93069853,250,26.9136,3.0436,0,0,37.6746,6.5526,25.8156,0,35.4344418316832,33.01,1903,1901,2.97029702970297,60.3960396039604,36.6336633663366
"Bx-HP_25",40.81587212,-73.88881782,250,9.5432,25.5538,5.8829,0,21.6016,8.6006,28.8179,0,25.5638636363636,23.605,1931,1930,22.7272727272727,43.1818181818182,34.0909090909091
"Bx-MH_01",40.85064518,-73.90713971,250,7.976,0.8672,0,0,36.8006,25.1466,29.2096,0,44.3970632095238,39.70345124,1918,1910,9.52380952380952,42.8571428571429,47.6190476190476
"Bx-MH_10",40.85505196,-73.91225084,250,15.336,2.8581,2.2573,0,38.5602,13.2781,27.7103,0,41.2691347295652,39.33531054,1924,1916,13.0434782608696,39.1304347826087,47.8260869565217
"Bx-MT_05",40.80783867,-73.91555694,250,17.3518,8.167,0,0,29.0009,11.7712,33.7091,0,44.4744559223529,34.25,1968,2000,2.94117647058824,52.9411764705882,44.1176470588235
"Bx-MT_18",40.80899783,-73.91051146,250,28.4412,8.1691,6.3574,0,22.2074,15.031,19.6667,0.1272,33.4468373313044,33,1978,1999,13.0434782608696,73.9130434782609,13.0434782608696
"Bx-MT_26",40.80918,-73.9121,250,20.0152,24.4625,2.5867,0,10.8908,14.0135,28.0313,0,36.5665625,33.805,1982,1999,3.125,78.125,18.75
"Bx-MT_28",40.80370703,-73.91163496,250,6.4115,1.9652,0,0,29.2528,26.933,35.4375,0,33.5686956521739,27.05,1928,1928,21.7391304347826,56.5217391304348,21.7391304347826
"Bx-MT_34",40.809725,-73.90846,250,4.8303,2.436,0,0,38.2358,22.5341,31.9638,0,23.8602702702703,22.94,1922,1920,35.1351351351351,45.945945945946,18.9189189189189
"M-CH_18",40.80808,-73.941164,250,22.1094,3.5968,0,0,38.4348,13.4886,22.3704,0,54.3283299186154,49.89,1916,1909,0,3.07692307692308,96.9230769230769
"M-CH_24",40.80803605,-73.94097634,250,23.4045,3.1516,0,0,37.497,13.3414,22.6055,0,55.1458038235938,50.585,1916,1909,0,1.5625,98.4375
"M-EH_11",40.79128901,-73.94687838,250,16.4817,1.6941,0,0,35.9139,16.6336,29.2767,0,54.767989353,50.093451765,1915,1910,2,0,98
"M-EH_32",40.78923018,-73.93890713,250,40.4929,1.4176,0,0,19.991,11.9182,26.1803,0,142.66038691,174.555,1964,1960,66.6666666666667,16.6666666666667,16.6666666666667
"NYCHA-BR_01",40.66454637,-73.9056737,250,28.7119,8.9145,0,0,18.5793,20.7446,23.0497,0,70.0277777777778,64.35,1954,1958,22.2222222222222,44.4444444444444,33.3333333333333
"NYCHA-BR_02",40.66276204,-73.90853126,250,15.0505,6.0261,0,0,23.8677,10.4651,38.239,6.3516,51.9769437682353,46.64,1957,1942,17.6470588235294,41.1764705882353,41.1764705882353
"NYCHA-BR_03",40.66444202,-73.90643687,250,40.1732,13.957,0,0,15.5566,13.8375,16.4757,0,83.6957142857143,64.35,1963,1975,28.5714285714286,14.2857142857143,57.1428571428571
"NYCHA-BR_04",40.66342701,-73.90629547,250,40.5537,8.8899,0,0,12.7507,4.8507,26.4813,6.4737,111.284801596667,156.215,1946,1954,83.3333333333333,16.6666666666667,0
"NYCHA-BR_05",40.66399424,-73.90604686,250,35.2648,11.1397,0,0,15.3006,19.6851,18.6098,0,108.092857142857,155.45,1948,1954,57.1428571428571,28.5714285714286,14.2857142857143
"NYCHA-BR_06",40.66343414,-73.9063642,250,40.6216,9.4851,0,0,12.8767,3.388,27.1753,6.4533,111.284801596667,156.215,1946,1954,83.3333333333333,16.6666666666667,0
"NYCHA-BR_07",40.66341976,-73.90693836,250,39.9271,13.3055,0,0,10.8134,2.7511,27.3155,5.8874,151.836666666667,156.215,1954,1954,100,0,0
"NYCHA-BR_08",40.6638469,-73.90830763,250,29.4354,13.0036,0,0,12.991,12.5503,32.0197,0,84.276,58.205,1964,1954,50,0,50
"NYCHA-BR_09",40.66371423,-73.9085336,250,23.8338,9.741,0,0,15.2185,16.8803,34.3264,0,81.435,56.435,1960,1954,50,10,40
"NYCHA-BR_10",40.66275263,-73.90814401,250,19.1295,8.8196,0,0,18.3576,9.5596,37.5423,6.5914,55.780804406,23.41,1956,1954,30,50,20
"NYCHA-BR_11",40.66322811,-73.90718546,250,35.8564,13.2025,0,0,12.4217,6.1808,25.518,6.8206,123.532,140.17,1958,1954,80,20,0
"NYCHA-BR_13",40.6640741,-73.90632715,250,40.5368,12.6214,0,0,14.0427,14.5534,18.2457,0,105.3725,110.58,1959,1954,50,12.5,37.5
"NYCHA-BR_14",40.66377947,-73.90645925,250,44.0514,14.3634,0,0,15.3628,3.3874,22.8003,0.0347,131.074,156.98,1949,1954,80,20,0
"NYCHA-BR_15",40.66339369,-73.90754378,250,37.4962,14.9589,0,0,12.3812,2.1283,28.4859,4.5495,146.113333333333,140.5,1954,1954,100,0,0
"NYCHA-EH_01",40.7916848,-73.95003542,250,54.9765,5.5526,0,0,8.7126,13.0234,15.5116,2.2233,124.368,150.67,1954,1954,60,0,40
"NYCHA-EH_02",40.79205444,-73.94901652,250,42.7227,7.6099,0.3105,0,8.0128,14.8317,14.2501,12.2623,149.845,163.655,1966,1954,50,16.6666666666667,33.3333333333333
"NYCHA-EH_03",40.79045153,-73.95114586,250,47.1318,3.723,0,0,18.5921,15.2157,15.1348,0.2026,137.403415071429,149.05162996,1964,1954,57.1428571428571,14.2857142857143,28.5714285714286
"NYCHA-EH_04",40.79056018,-73.95088065,250,50.1932,4.2683,0,0,12.7781,15.53,15.2529,1.9775,128.042006285,147.5699698,1959,1954,50,33.3333333333333,16.6666666666667
"NYCHA-EH_05",40.78953238,-73.95190123,250,45.2654,5.0703,0,0,19.0999,13.8012,16.7632,0,135.955591563333,133.9,1962,1963,55.5555555555556,11.1111111111111,33.3333333333333
"NYCHA-EH_06",40.78996188,-73.95153411,250,55.8089,4.3203,0,0,15.3787,11.1014,13.3129,0.0778,138.07116941125,148.89581498,1964,1954,62.5,12.5,25
"NYCHA-EH_07",40.79351968,-73.94935305,250,23.9198,1.7375,0,0,34.3997,21.8689,18.0741,0,120.01,144,1942,1954,44.4444444444444,11.1111111111111,44.4444444444444
"NYCHA-EH_08",40.7900852,-73.95133135,250,53.9654,3.9978,0,0,15.4075,11.2898,14.5682,0.7713,136.480557928571,148.74,1964,1954,57.1428571428571,14.2857142857143,28.5714285714286
"NYCHA-EH_09",40.79105414,-73.94955497,250,38.7213,4.5197,0.6595,0,13.154,14.9266,14.4776,13.5413,99.8863213366667,67.82123045,1941,1910,26.6666666666667,13.3333333333333,60
"NYCHA-EH_10",40.78922236,-73.95185295,250,39.3661,5.2892,0,0,19.236,15.7273,18.3359,2.0455,161.045591563333,148.74,1965,1963,44.4444444444444,22.2222222222222,33.3333333333333
"NYCHA-EH_11",40.79229555,-73.95003517,250,42.1798,4.035,0,0,13.229,17.384,23.1722,0,85.4411764705882,72.9,1937,1920,17.6470588235294,0,82.3529411764706
"NYCHA-EH_12",40.79150559,-73.95079139,250,41.9111,4.0341,0,0,13.541,16.8748,23.639,0,127.569848603333,125.88,1955,1954,50,33.3333333333333,16.6666666666667
"Bk-EF_09",40.65279339,-73.94543415,250,21.1567,4.065,0,0,30.0996,17.7228,26.9559,0,24.4554861359701,24.18,1921,1920,16.4179104477612,65.6716417910448,17.910447761194
"Bk-EF_10",40.65312165,-73.94269671,250,11.9317,2.7041,0,0,30.9872,17.798,36.579,0,21.1297691556311,22.91,1924,1920,30.0970873786408,60.1941747572816,9.70873786407767
"Bk-EF_11",40.65224,-73.9469,250,19.5103,7.3903,0,0,28.7227,18.6221,25.7546,0,27.7207196248,26.17,1917,1910,18.6666666666667,74.6666666666667,6.66666666666667
"Bk-EF_12",40.653152,-73.942558,250,11.6576,2.7584,0,0,31.3768,17.7209,36.4863,0,21.6803703963441,23.72,1925,1920,24.7311827956989,62.3655913978495,12.9032258064516
"Bk-EF_13",40.649445,-73.949319,250,11.8302,3.7722,0,0,30.9402,19.8613,33.5961,0,30.5319030664706,29.11799494,1931,1925,2.94117647058824,77.9411764705882,19.1176470588235
"Bk-EF_15",40.64984064,-73.94761578,250,17.9002,1.6728,0,0,42.6472,5.2302,32.5496,0,24.4928362666667,26.01,1922,1920,20.952380952381,67.6190476190476,11.4285714285714
"Bk-EF_16",40.65088128,-73.94927738,250,7.9077,1.1527,0,0,40.8015,21.0133,29.1248,0,30.0234079527273,30.57,1927,1930,7.95454545454545,82.9545454545455,9.09090909090909
"Bk-EF_17",40.65176939,-73.94914407,250,10.5178,1.89,0,0,41.8254,16.6411,29.1257,0,33.6020659802899,33.82,1924,1930,7.2463768115942,73.9130434782609,18.8405797101449
"Bk-EF_18",40.648891,-73.951522,250,9.8314,3.3076,0,0,25.5434,14.4584,46.8592,0,33.5952013222917,30.31,1941,1910,8.33333333333333,68.75,22.9166666666667
"Bk-EF_19",40.64869836,-73.94552128,250,14.0098,2.7061,0,0,38.148,15.2793,29.8568,0,30.3617469915385,27.48,1922,1920,10.2564102564103,69.2307692307692,20.5128205128205
"Bk-EF_20",40.64995585,-73.94459138,250,17.9765,7.49,0,0,34.5189,9.6207,30.3939,0,22.8897974611017,24.89,1912,1910,22.8813559322034,72.0338983050847,5.08474576271187
"Bk-EF_21",40.64848868,-73.94342851,250,23.4613,27.2273,0,0,20.7259,7.9854,20.6001,0,28.4223076923077,29,1970,1962.5,46.1538461538462,38.4615384615385,15.3846153846154
"Bk-EF_22",40.64737,-73.9454,250,11.0063,2.7957,0,0,37.4631,16.9949,31.74,0,26.4799180195522,25.88,1939,1931,16.4179104477612,74.6268656716418,8.95522388059701
"Bk-EF_23",40.64741,-73.9482,250,10.6286,2.9474,0,0,41.9913,15.3531,29.0796,0,23.063922330404,24.12,1916,1920,15.1515151515152,73.7373737373737,11.1111111111111
"Bk-EF_24",40.64861313,-73.94457516,250,21.4063,3.1799,0,0,44.6601,10.8793,19.8744,0,33.6630642793103,31,1949,1931,17.2413793103448,65.5172413793103,17.2413793103448
"Bk-EF_25",40.65045429,-73.94558261,250,17.1765,1.9903,0,0,38.1653,15.7014,26.9665,0,25.2846827360952,26.2,1916,1910,18.0952380952381,79.047619047619,2.85714285714286
"Bk-EF_26",40.648527,-73.949243,250,12.1822,2.8518,0,0,32.3197,19.4233,33.223,0,30.0777890316923,28.71,1934,1920,9.23076923076923,76.9230769230769,13.8461538461538
"Bk-EF_27",40.64889194,-73.94751593,250,18.5302,3.6614,0,0,38.967,12.6503,26.1911,0,26.3948566471591,26.87,1916,1910,9.09090909090909,85.2272727272727,5.68181818181818
"Bk-EF_28",40.65007,-73.9465,250,15.6244,1.9919,0,0,40.3509,9.9747,32.0581,0,26.5972911056034,26.7,1919,1915,14.6551724137931,78.448275862069,6.89655172413793
"Bk-EF_29",40.64961763,-73.94840363,250,17.2759,2.7919,0,0,38.1785,11.7537,30,0,26.2549814290323,26.03,1924,1920,12.9032258064516,69.8924731182796,17.2043010752688
"NYCHA-EH_13",40.79129403,-73.94945053,250,40.2788,4.7543,0.9952,0,10.6227,15.2144,14.7474,13.3872,109.244147031,69.00337626,1948,1954,30,20,50
"NYCHA-EH_14",40.79284578,-73.94907628,250,45.9696,5.771,0,0,11.9361,14.674,17.9332,3.7161,102.197142857143,72.06,1953,1954,42.8571428571429,0,57.1428571428571
"NYCHA-EH_15",40.79257823,-73.94881401,250,47.3076,5.7019,0,0,9.0055,13.2431,14.8962,9.8457,130.076,150.47,1958,1954,80,0,20
"Bk-EF_30",40.64687652,-73.94615437,250,10.0572,3.0442,0,0,37.8715,19.6889,29.3382,0,23.3724228446237,25.04,1919,1920,11.8279569892473,72.0430107526882,16.1290322580645
"Bk-EF_31",40.64908,-73.946,250,10.2504,1.6664,0,0,32.2182,20.7854,35.0796,0,28.2449746046032,26.91,1923,1920,7.93650793650794,76.1904761904762,15.8730158730159
"Bk-EF_32",40.65162016,-73.95201341,250,12.1324,0.7718,0,0,44.2685,13.0432,29.7841,0,30.8284903123684,33.635,1929,1931,3.94736842105263,76.3157894736842,19.7368421052632
"Bk-EF_33",40.65242,-73.9449,250,24.4339,4.4608,0,0,32.1233,13.4377,25.5443,0,23.40099512625,24.205,1918,1920,13.6363636363636,73.8636363636364,12.5
"Bk-EF_34",40.650811,-73.951265,250,16.3336,1.0186,0,0,46.6689,8.9452,27.0337,0,29.4473204184286,32.09,1926,1928,15.7142857142857,80,4.28571428571429
"Bk-EF_35",40.64673764,-73.95123356,250,11.7436,4.6326,0,0,30.762,18.0202,34.8416,0,26.4561714615179,27.885,1935,1920,20.5357142857143,67.8571428571429,11.6071428571429
"Bk-EN_01",40.67066565,-73.89459381,250,17.1219,14.4539,2.6721,0,26.478,11.6558,27.6183,0,29.7888524590164,28.31,1932,1910,4.91803278688525,85.2459016393443,9.83606557377049
"Bk-EN_02",40.67069052,-73.89468136,250,16.7803,14.9643,2.6721,0,25.0097,13.3042,27.2694,0,29.7512962962963,28.56,1931,1910,5.55555555555556,83.3333333333333,11.1111111111111
"Bk-EN_03",40.66715104,-73.89453558,250,14.4582,3.1798,0,0,39.1246,15.6298,27.6076,0,32.4209676689091,30.96,1928,1901,1.81818181818182,92.7272727272727,5.45454545454545
"Bk-EN_05",40.67163,-73.897245,250,3.5191,1.377,0,0,40.917,20.0925,34.0944,0,28.3030072536842,23.65,1947,1930,10.5263157894737,57.8947368421053,31.578947368421
"Bk-EN_06",40.66976896,-73.89327931,250,14.7153,7.1287,0,0,31.376,14.7281,32.0519,0,28.5562962962963,27.02,1947,1930,7.40740740740741,88.8888888888889,3.7037037037037
"Bk-EN_08",40.66722786,-73.89668738,250,12.1452,3.8843,0,0,26.2622,12.4659,45.2424,0,61.67,59.85,1963,1971,0,0,100
"Bk-EN_09",40.6728091,-73.89622692,250,12.8698,3.8594,0,0,32.3186,18.583,32.3692,0,32.4869639531818,30.466013685,1934,1930,9.09090909090909,68.1818181818182,22.7272727272727
"Bk-EN_11",40.669374,-73.895751,250,11.5341,3.3374,0,0,34.9501,22.8942,27.2842,0,34.6206376709615,30.66,1938,1930,7.69230769230769,80.7692307692308,11.5384615384615
"Bk-EN_12",40.67048138,-73.89612353,250,13.1742,4.6693,0,0,29.5723,19.7105,32.8737,0,40.054234495,31.58,1952,1930,9.09090909090909,59.0909090909091,31.8181818181818
"Bk-EN_13",40.66846653,-73.89593926,250,7.0315,2.489,0,0,32.6041,12.4803,45.3951,0,35.2322222222222,27.84,1973,1999,3.7037037037037,62.962962962963,33.3333333333333
"Bk-EN_14",40.667412,-73.894844,250,13.9907,2.5619,0,0,35.49,20.1415,27.8159,0,33.2489655172414,31.675,1931,1910,0,91.3793103448276,8.62068965517241
"Bk-EN_15",40.66865332,-73.88963494,250,29.5202,6.4631,0,0,26.6876,12.6513,24.6778,0,24.8063095238095,25.45,1937,1930,8.33333333333333,84.5238095238095,7.14285714285714
"Bk-EN_16",40.66812999,-73.89314706,250,23.0542,9.5131,0,0,23.8947,13.812,29.726,0,28.39084327175,27.43,1957,1990,2.5,96.25,1.25
"Bk-EN_17",40.672347,-73.89800134,250,2.8987,0.6936,0,0,31.6782,17.5989,47.1306,0,25.5971423928571,23.43,1955,1962,28.5714285714286,57.1428571428571,14.2857142857143
"Bk-EN_18",40.66855623,-73.88826994,250,21.4678,13.0014,0,0,25.0419,9.6016,30.8873,0,25.8276435373684,25.99,1976,1989,2.63157894736842,93.421052631579,3.94736842105263
"Bk-EN_19",40.666837,-73.890456,250,22.8978,4.1543,0,0,27.847,13.3501,31.7508,0,23.3458658789655,26.42,1908,1901,25.2873563218391,67.816091954023,6.89655172413793
"Bk-EN_20",40.67197888,-73.89470775,250,13.5746,11.7907,0,0,24.095,14.9373,35.6024,0,34.6923529411765,31.49,1927,1930,11.7647058823529,70.5882352941177,17.6470588235294
"Bk-EN_21",40.670224,-73.889149,250,20.3209,14.1656,0,0,23.5049,13.8393,28.1693,0,27.1048815489474,26.21,1955,1984,1.31578947368421,97.3684210526316,1.31578947368421
"Bk-EN_22",40.67159155,-73.88930114,250,21.5917,12.4237,0,0,20.7836,12.932,32.269,0,25.4397183098592,25.78,1960,1990,5.63380281690141,91.5492957746479,2.8169014084507
"Bk-EN_23",40.67149287,-73.89276601,250,16.2071,3.0332,0,0,44.087,12.0738,24.5989,0,30.80640625,29.275,1939,1930,6.25,89.0625,4.6875
"Bk-EN_25",40.66982269,-73.89169566,250,24.9555,7.085,0,0,27.1639,13.7691,27.0265,0,28.4940155497727,27.92,1936,1930,2.27272727272727,95.4545454545455,2.27272727272727
"Bk-EN_26",40.66648717,-73.89148494,250,13.3448,2.9387,0,0,34.9905,14.2792,34.4468,0,25.6669981087671,26.66,1910,1901,23.2876712328767,69.8630136986301,6.84931506849315
"Bk-EN_27",40.672717,-73.889872,250,11.1196,5.6275,0,0,32.3144,18.7032,32.2353,0,28.9659442025758,27.285,1949,1935,7.57575757575758,81.8181818181818,10.6060606060606
"Bk-EN_28",40.67241223,-73.89282855,250,17.4255,4.5761,0,0,36.4423,17.3766,24.1795,0,30.114604207069,29.755,1930,1930,8.62068965517241,82.7586206896552,8.62068965517241
"Bk-EN_29",40.67344094,-73.89149665,250,21.7088,6.988,0,0,26.1474,13.5533,31.6025,0,30.0981935088889,27.66,1966,1970,4.44444444444444,75.5555555555556,20
"Bk-EN_30",40.669412,-73.891384,250,27.0905,7.0471,0,0,29.1827,12.5543,24.1254,0,27.438219264421,26.65,1945,1930,3.1578947368421,94.7368421052632,2.10526315789474
"Bk-EN_31",40.67268689,-73.89098562,250,17.4035,3.1671,0,0,30.9241,18.5857,29.9196,0,31.1836694322951,27.97,1945,1935,6.55737704918033,73.7704918032787,19.672131147541
"Bk-EN_32",40.66968565,-73.89039858,250,23.9658,3.618,0,0,36.107,13.4636,22.8456,0,27.4097007683146,26.21,1929,1930,1.12359550561798,96.6292134831461,2.24719101123596
"Bk-EN_33",40.66786334,-73.88993316,250,39.6727,6.8721,0,0,18.9994,8.1649,26.2909,0,21.16,24.7,1910,1901,25.3968253968254,63.4920634920635,11.1111111111111
"Bk-EN_34",40.67207008,-73.89100477,250,21.4025,3.7517,0,0,31.3547,17.2898,26.2013,0,29.7926693783333,27.715,1937,1930,4.76190476190476,85.7142857142857,9.52380952380952
"Bk-EN_35",40.67382393,-73.89201301,250,18.7531,5.4393,0,0,25.3713,15.5145,34.9218,0,26.0974905363014,26.61,1948,1930,13.6986301369863,79.4520547945205,6.84931506849315
"Bk-SH_01",40.68453947,-73.92554481,250,22.1476,2.5921,0,0,36.759,11.3678,27.1335,0,34.3196401363636,33.96,1901,1899,1.01010101010101,92.9292929292929,6.06060606060606
"Bk-SH_03",40.68207336,-73.93181306,250,31.8027,2.2476,0,0,31.6782,11.4579,22.8136,0,40.0148949980488,41.2,1891,1892,2.4390243902439,36.5853658536585,60.9756097560976
"Bk-SH_04",40.68404929,-73.92979316,250,20.9635,1.0796,0,0,38.6455,14.4791,24.8323,0,36.9184042553191,35.96,1899,1892,2.12765957446809,62.7659574468085,35.1063829787234
"Bk-EF_19",40.64832903,-73.94548179,250,15.1445,2.3511,0,0,43.1106,7.2942,32.0996,0,28.66945331675,28.22,1929,1920,10,70,20
"Bk-EN_02",40.66762789,-73.896234,250,7.4759,4.0055,0,0,26.8042,17.0062,44.7082,0,41.7876923076923,34.52,1967,1973,0,57.6923076923077,42.3076923076923
"Bk-EN_18",40.66819894,-73.88817886,250,20.6278,13.3654,0,0,24.9049,8.1628,32.9391,0,25.0743713706383,24.935,1979,1989,2.12765957446809,96.8085106382979,1.06382978723404
"Bk-EN_20",40.67200724,-73.89451595,250,15.5755,11.4366,0,0,23.2931,15.5824,34.1124,0,35.3065,35.25,1929,1930,10,70,20
"Bk-EN_21",40.67046997,-73.88740215,250,16.2169,24.5403,2.1742,0,16.5005,15.3031,25.265,0,32.6257692307692,34.32,1970,1983.5,0,96.1538461538462,3.84615384615385
"Bx-HP_35",40.80928641,-73.88407923,250,2.943,1.3188,0,0,37.8873,24.0973,33.7536,0,15.9409862318182,15.67,1947,1931,63.6363636363636,27.2727272727273,9.09090909090909
"Bx-MH_08",40.84998929,-73.90942985,250,15.2035,1.9792,0,0,34.5526,10.5927,36.612,1.06,44.155342810303,37.27,1928,1925,3.03030303030303,51.5151515151515,45.4545454545455
"Bx-MH_11",40.85245342,-73.90616186,250,15.2338,0.7118,0,0,40.3563,13.2991,30.399,0,48.669511004186,40.88,1928,1919,6.97674418604651,39.5348837209302,53.4883720930233
"Bx-MH_17",40.85195,-73.915416,250,12.5374,1.8561,0,0,33.156,15.7945,36.656,0,35.558691666,28.595652615,1921,1920,0,77.5,22.5
"Bx-MH_35",40.85210688,-73.91225626,250,18.9348,5.3754,0,0,33.1647,11.9872,30.5379,0,32.7718651278,30.44101904,1926,1920,10,64,26
"M-CH_10",40.80356815,-73.94528093,250,39.508,11.8514,0.7459,0,20.5539,10.6353,16.7055,0,54.18908388875,44.91,1905,1899,0,22.5,77.5
"Q-CH_26",40.69957777,-73.73875976,250,11.4558,28.6163,0,0,19.2662,10.6265,30.0352,0,18.0370004611111,21.34688692,1942,1942.5,48.1481481481481,50.9259259259259,0.925925925925926
